-- phpMyAdmin SQL Dump
-- version 5.2.1
-- https://www.phpmyadmin.net/
--
-- Host: 127.0.0.1
-- Generation Time: Sep 26, 2025 at 05:25 AM
-- Server version: 8.0.32
-- PHP Version: 8.2.4

SET SQL_MODE = "NO_AUTO_VALUE_ON_ZERO";
START TRANSACTION;
SET time_zone = "+00:00";


/*!40101 SET @OLD_CHARACTER_SET_CLIENT=@@CHARACTER_SET_CLIENT */;
/*!40101 SET @OLD_CHARACTER_SET_RESULTS=@@CHARACTER_SET_RESULTS */;
/*!40101 SET @OLD_COLLATION_CONNECTION=@@COLLATION_CONNECTION */;
/*!40101 SET NAMES utf8mb4 */;

--
-- Database: `school_attendance`
--

-- --------------------------------------------------------

--
-- Table structure for table `attendance`
--

CREATE TABLE `attendance` (
  `id` int NOT NULL,
  `class_id` int DEFAULT NULL,
  `teacher_id` int DEFAULT NULL,
  `student_id` int DEFAULT NULL,
  `status` enum('Present','Absent') DEFAULT NULL,
  `date` date DEFAULT NULL
) ENGINE=InnoDB DEFAULT CHARSET=utf8mb4 COLLATE=utf8mb4_0900_ai_ci;

--
-- Dumping data for table `attendance`
--

INSERT INTO `attendance` (`id`, `class_id`, `teacher_id`, `student_id`, `status`, `date`) VALUES
(44, 6, 1, 601, 'Present', '2025-07-01'),
(54, 6, 1, 601, 'Present', '2025-07-03'),
(59, 6, 1, 601, 'Present', '2025-07-04'),
(64, 6, 1, 601, 'Present', '2025-07-05'),
(74, 6, 1, 601, 'Present', '2025-07-07'),
(79, 6, 1, 601, 'Present', '2025-07-08'),
(89, 6, 1, 601, 'Present', '2025-07-10'),
(347, 6, 1, 601, 'Present', '2025-08-19'),
(49, 6, 1, 601, 'Absent', '2025-07-02'),
(69, 6, 1, 601, 'Absent', '2025-07-06'),
(84, 6, 1, 601, 'Absent', '2025-07-09'),
(50, 6, 1, 602, 'Present', '2025-07-02'),
(60, 6, 1, 602, 'Present', '2025-07-04'),
(70, 6, 1, 602, 'Present', '2025-07-06'),
(75, 6, 1, 602, 'Present', '2025-07-07'),
(85, 6, 1, 602, 'Present', '2025-07-09'),
(334, 6, 1, 602, 'Present', '2025-07-26'),
(343, 6, 1, 602, 'Present', '2025-08-19'),
(45, 6, 1, 602, 'Absent', '2025-07-01'),
(55, 6, 1, 602, 'Absent', '2025-07-03'),
(65, 6, 1, 602, 'Absent', '2025-07-05'),
(80, 6, 1, 602, 'Absent', '2025-07-08'),
(90, 6, 1, 602, 'Absent', '2025-07-10'),
(46, 6, 1, 603, 'Present', '2025-07-01'),
(51, 6, 1, 603, 'Present', '2025-07-02'),
(66, 6, 1, 603, 'Present', '2025-07-05'),
(71, 6, 1, 603, 'Present', '2025-07-06'),
(81, 6, 1, 603, 'Present', '2025-07-08'),
(86, 6, 1, 603, 'Present', '2025-07-09'),
(91, 6, 1, 603, 'Present', '2025-07-10'),
(344, 6, 1, 603, 'Present', '2025-08-19'),
(56, 6, 1, 603, 'Absent', '2025-07-03'),
(61, 6, 1, 603, 'Absent', '2025-07-04'),
(76, 6, 1, 603, 'Absent', '2025-07-07'),
(52, 6, 1, 604, 'Present', '2025-07-02'),
(57, 6, 1, 604, 'Present', '2025-07-03'),
(67, 6, 1, 604, 'Present', '2025-07-05'),
(77, 6, 1, 604, 'Present', '2025-07-07'),
(82, 6, 1, 604, 'Present', '2025-07-08'),
(47, 6, 1, 604, 'Absent', '2025-07-01'),
(62, 6, 1, 604, 'Absent', '2025-07-04'),
(72, 6, 1, 604, 'Absent', '2025-07-06'),
(87, 6, 1, 604, 'Absent', '2025-07-09'),
(92, 6, 1, 604, 'Absent', '2025-07-10'),
(346, 6, 1, 604, 'Absent', '2025-08-19'),
(48, 6, 1, 605, 'Present', '2025-07-01'),
(58, 6, 1, 605, 'Present', '2025-07-03'),
(63, 6, 1, 605, 'Present', '2025-07-04'),
(73, 6, 1, 605, 'Present', '2025-07-06'),
(83, 6, 1, 605, 'Present', '2025-07-08'),
(88, 6, 1, 605, 'Present', '2025-07-09'),
(93, 6, 1, 605, 'Present', '2025-07-10'),
(345, 6, 1, 605, 'Present', '2025-08-19'),
(53, 6, 1, 605, 'Absent', '2025-07-02'),
(68, 6, 1, 605, 'Absent', '2025-07-05'),
(78, 6, 1, 605, 'Absent', '2025-07-07'),
(335, 6, 1, 605, 'Absent', '2025-07-26'),
(336, 6, 1, 606, 'Present', '2025-07-26'),
(349, 6, 1, 606, 'Present', '2025-08-19'),
(94, 7, 1, 701, 'Present', '2025-07-01'),
(100, 7, 1, 701, 'Present', '2025-07-02'),
(106, 7, 1, 701, 'Present', '2025-07-03'),
(124, 7, 1, 701, 'Present', '2025-07-06'),
(130, 7, 1, 701, 'Present', '2025-07-07'),
(136, 7, 1, 701, 'Present', '2025-07-08'),
(142, 7, 1, 701, 'Present', '2025-07-09'),
(148, 7, 1, 701, 'Present', '2025-07-10'),
(112, 7, 1, 701, 'Absent', '2025-07-04'),
(118, 7, 1, 701, 'Absent', '2025-07-05'),
(95, 7, 1, 702, 'Present', '2025-07-01'),
(113, 7, 1, 702, 'Present', '2025-07-04'),
(119, 7, 1, 702, 'Present', '2025-07-05'),
(125, 7, 1, 702, 'Present', '2025-07-06'),
(137, 7, 1, 702, 'Present', '2025-07-08'),
(143, 7, 1, 702, 'Present', '2025-07-09'),
(149, 7, 1, 702, 'Present', '2025-07-10'),
(101, 7, 1, 702, 'Absent', '2025-07-02'),
(107, 7, 1, 702, 'Absent', '2025-07-03'),
(131, 7, 1, 702, 'Absent', '2025-07-07'),
(96, 7, 1, 703, 'Present', '2025-07-01'),
(102, 7, 1, 703, 'Present', '2025-07-02'),
(108, 7, 1, 703, 'Present', '2025-07-03'),
(114, 7, 1, 703, 'Present', '2025-07-04'),
(120, 7, 1, 703, 'Present', '2025-07-05'),
(126, 7, 1, 703, 'Present', '2025-07-06'),
(132, 7, 1, 703, 'Present', '2025-07-07'),
(138, 7, 1, 703, 'Present', '2025-07-08'),
(144, 7, 1, 703, 'Absent', '2025-07-09'),
(150, 7, 1, 703, 'Absent', '2025-07-10'),
(97, 7, 1, 704, 'Present', '2025-07-01'),
(103, 7, 1, 704, 'Present', '2025-07-02'),
(109, 7, 1, 704, 'Present', '2025-07-03'),
(133, 7, 1, 704, 'Present', '2025-07-07'),
(145, 7, 1, 704, 'Present', '2025-07-09'),
(151, 7, 1, 704, 'Present', '2025-07-10'),
(115, 7, 1, 704, 'Absent', '2025-07-04'),
(121, 7, 1, 704, 'Absent', '2025-07-05'),
(127, 7, 1, 704, 'Absent', '2025-07-06'),
(139, 7, 1, 704, 'Absent', '2025-07-08'),
(104, 7, 1, 705, 'Present', '2025-07-02'),
(110, 7, 1, 705, 'Present', '2025-07-03'),
(116, 7, 1, 705, 'Present', '2025-07-04'),
(122, 7, 1, 705, 'Present', '2025-07-05'),
(128, 7, 1, 705, 'Present', '2025-07-06'),
(134, 7, 1, 705, 'Present', '2025-07-07'),
(140, 7, 1, 705, 'Present', '2025-07-08'),
(146, 7, 1, 705, 'Present', '2025-07-09'),
(98, 7, 1, 705, 'Absent', '2025-07-01'),
(152, 7, 1, 705, 'Absent', '2025-07-10'),
(105, 7, 1, 706, 'Present', '2025-07-02'),
(111, 7, 1, 706, 'Present', '2025-07-03'),
(123, 7, 1, 706, 'Present', '2025-07-05'),
(147, 7, 1, 706, 'Present', '2025-07-09'),
(153, 7, 1, 706, 'Present', '2025-07-10'),
(99, 7, 1, 706, 'Absent', '2025-07-01'),
(117, 7, 1, 706, 'Absent', '2025-07-04'),
(129, 7, 1, 706, 'Absent', '2025-07-06'),
(135, 7, 1, 706, 'Absent', '2025-07-07'),
(141, 7, 1, 706, 'Absent', '2025-07-08'),
(154, 8, 1, 801, 'Present', '2025-07-01'),
(160, 8, 1, 801, 'Present', '2025-07-02'),
(166, 8, 1, 801, 'Present', '2025-07-03'),
(178, 8, 1, 801, 'Present', '2025-07-05'),
(190, 8, 1, 801, 'Present', '2025-07-07'),
(196, 8, 1, 801, 'Present', '2025-07-08'),
(202, 8, 1, 801, 'Present', '2025-07-09'),
(356, 8, 1, 801, 'Present', '2025-08-19'),
(172, 8, 1, 801, 'Absent', '2025-07-04'),
(184, 8, 1, 801, 'Absent', '2025-07-06'),
(208, 8, 1, 801, 'Absent', '2025-07-10'),
(161, 8, 1, 802, 'Present', '2025-07-02'),
(173, 8, 1, 802, 'Present', '2025-07-04'),
(179, 8, 1, 802, 'Present', '2025-07-05'),
(185, 8, 1, 802, 'Present', '2025-07-06'),
(191, 8, 1, 802, 'Present', '2025-07-07'),
(203, 8, 1, 802, 'Present', '2025-07-09'),
(209, 8, 1, 802, 'Present', '2025-07-10'),
(361, 8, 1, 802, 'Present', '2025-08-19'),
(155, 8, 1, 802, 'Absent', '2025-07-01'),
(167, 8, 1, 802, 'Absent', '2025-07-03'),
(197, 8, 1, 802, 'Absent', '2025-07-08'),
(156, 8, 1, 803, 'Present', '2025-07-01'),
(168, 8, 1, 803, 'Present', '2025-07-03'),
(180, 8, 1, 803, 'Present', '2025-07-05'),
(186, 8, 1, 803, 'Present', '2025-07-06'),
(192, 8, 1, 803, 'Present', '2025-07-07'),
(198, 8, 1, 803, 'Present', '2025-07-08'),
(204, 8, 1, 803, 'Present', '2025-07-09'),
(210, 8, 1, 803, 'Present', '2025-07-10'),
(162, 8, 1, 803, 'Absent', '2025-07-02'),
(174, 8, 1, 803, 'Absent', '2025-07-04'),
(359, 8, 1, 803, 'Absent', '2025-08-19'),
(157, 8, 1, 804, 'Present', '2025-07-01'),
(163, 8, 1, 804, 'Present', '2025-07-02'),
(175, 8, 1, 804, 'Present', '2025-07-04'),
(181, 8, 1, 804, 'Present', '2025-07-05'),
(193, 8, 1, 804, 'Present', '2025-07-07'),
(199, 8, 1, 804, 'Present', '2025-07-08'),
(205, 8, 1, 804, 'Present', '2025-07-09'),
(211, 8, 1, 804, 'Present', '2025-07-10'),
(358, 8, 1, 804, 'Present', '2025-08-19'),
(169, 8, 1, 804, 'Absent', '2025-07-03'),
(187, 8, 1, 804, 'Absent', '2025-07-06'),
(158, 8, 1, 805, 'Present', '2025-07-01'),
(164, 8, 1, 805, 'Present', '2025-07-02'),
(170, 8, 1, 805, 'Present', '2025-07-03'),
(176, 8, 1, 805, 'Present', '2025-07-04'),
(188, 8, 1, 805, 'Present', '2025-07-06'),
(194, 8, 1, 805, 'Present', '2025-07-07'),
(206, 8, 1, 805, 'Present', '2025-07-09'),
(212, 8, 1, 805, 'Present', '2025-07-10'),
(360, 8, 1, 805, 'Present', '2025-08-19'),
(182, 8, 1, 805, 'Absent', '2025-07-05'),
(200, 8, 1, 805, 'Absent', '2025-07-08'),
(165, 8, 1, 806, 'Present', '2025-07-02'),
(171, 8, 1, 806, 'Present', '2025-07-03'),
(183, 8, 1, 806, 'Present', '2025-07-05'),
(189, 8, 1, 806, 'Present', '2025-07-06'),
(201, 8, 1, 806, 'Present', '2025-07-08'),
(207, 8, 1, 806, 'Present', '2025-07-09'),
(213, 8, 1, 806, 'Present', '2025-07-10'),
(357, 8, 1, 806, 'Present', '2025-08-19'),
(159, 8, 1, 806, 'Absent', '2025-07-01'),
(177, 8, 1, 806, 'Absent', '2025-07-04'),
(195, 8, 1, 806, 'Absent', '2025-07-07'),
(214, 9, 1, 901, 'Present', '2025-07-01'),
(226, 9, 1, 901, 'Present', '2025-07-03'),
(232, 9, 1, 901, 'Present', '2025-07-04'),
(238, 9, 1, 901, 'Present', '2025-07-05'),
(250, 9, 1, 901, 'Present', '2025-07-07'),
(256, 9, 1, 901, 'Present', '2025-07-08'),
(262, 9, 1, 901, 'Present', '2025-07-09'),
(268, 9, 1, 901, 'Present', '2025-07-10'),
(338, 9, 1, 901, 'Present', '2025-07-30'),
(220, 9, 1, 901, 'Absent', '2025-07-02'),
(244, 9, 1, 901, 'Absent', '2025-07-06'),
(363, 9, 1, 901, 'Absent', '2025-08-19'),
(215, 9, 1, 902, 'Present', '2025-07-01'),
(221, 9, 1, 902, 'Present', '2025-07-02'),
(227, 9, 1, 902, 'Present', '2025-07-03'),
(239, 9, 1, 902, 'Present', '2025-07-05'),
(245, 9, 1, 902, 'Present', '2025-07-06'),
(251, 9, 1, 902, 'Present', '2025-07-07'),
(257, 9, 1, 902, 'Present', '2025-07-08'),
(263, 9, 1, 902, 'Present', '2025-07-09'),
(364, 9, 1, 902, 'Present', '2025-08-19'),
(233, 9, 1, 902, 'Absent', '2025-07-04'),
(269, 9, 1, 902, 'Absent', '2025-07-10'),
(216, 9, 1, 903, 'Present', '2025-07-01'),
(222, 9, 1, 903, 'Present', '2025-07-02'),
(234, 9, 1, 903, 'Present', '2025-07-04'),
(246, 9, 1, 903, 'Present', '2025-07-06'),
(252, 9, 1, 903, 'Present', '2025-07-07'),
(264, 9, 1, 903, 'Present', '2025-07-09'),
(270, 9, 1, 903, 'Present', '2025-07-10'),
(366, 9, 1, 903, 'Present', '2025-08-19'),
(228, 9, 1, 903, 'Absent', '2025-07-03'),
(240, 9, 1, 903, 'Absent', '2025-07-05'),
(258, 9, 1, 903, 'Absent', '2025-07-08'),
(223, 9, 1, 904, 'Present', '2025-07-02'),
(229, 9, 1, 904, 'Present', '2025-07-03'),
(235, 9, 1, 904, 'Present', '2025-07-04'),
(241, 9, 1, 904, 'Present', '2025-07-05'),
(247, 9, 1, 904, 'Present', '2025-07-06'),
(253, 9, 1, 904, 'Present', '2025-07-07'),
(259, 9, 1, 904, 'Present', '2025-07-08'),
(265, 9, 1, 904, 'Present', '2025-07-09'),
(271, 9, 1, 904, 'Present', '2025-07-10'),
(339, 9, 1, 904, 'Present', '2025-07-30'),
(362, 9, 1, 904, 'Present', '2025-08-19'),
(217, 9, 1, 904, 'Absent', '2025-07-01'),
(218, 9, 1, 905, 'Present', '2025-07-01'),
(224, 9, 1, 905, 'Present', '2025-07-02'),
(230, 9, 1, 905, 'Present', '2025-07-03'),
(236, 9, 1, 905, 'Present', '2025-07-04'),
(242, 9, 1, 905, 'Present', '2025-07-05'),
(248, 9, 1, 905, 'Present', '2025-07-06'),
(254, 9, 1, 905, 'Present', '2025-07-07'),
(260, 9, 1, 905, 'Present', '2025-07-08'),
(266, 9, 1, 905, 'Present', '2025-07-09'),
(272, 9, 1, 905, 'Present', '2025-07-10'),
(340, 9, 1, 905, 'Present', '2025-07-30'),
(367, 9, 1, 905, 'Absent', '2025-08-19'),
(225, 9, 1, 906, 'Present', '2025-07-02'),
(231, 9, 1, 906, 'Present', '2025-07-03'),
(243, 9, 1, 906, 'Present', '2025-07-05'),
(255, 9, 1, 906, 'Present', '2025-07-07'),
(261, 9, 1, 906, 'Present', '2025-07-08'),
(267, 9, 1, 906, 'Present', '2025-07-09'),
(273, 9, 1, 906, 'Present', '2025-07-10'),
(337, 9, 1, 906, 'Present', '2025-07-30'),
(365, 9, 1, 906, 'Present', '2025-08-19'),
(219, 9, 1, 906, 'Absent', '2025-07-01'),
(237, 9, 1, 906, 'Absent', '2025-07-04'),
(249, 9, 1, 906, 'Absent', '2025-07-06'),
(274, 10, 1, 1001, 'Present', '2025-07-01'),
(286, 10, 1, 1001, 'Present', '2025-07-03'),
(292, 10, 1, 1001, 'Present', '2025-07-04'),
(298, 10, 1, 1001, 'Present', '2025-07-05'),
(310, 10, 1, 1001, 'Present', '2025-07-07'),
(316, 10, 1, 1001, 'Present', '2025-07-08'),
(322, 10, 1, 1001, 'Present', '2025-07-09'),
(328, 10, 1, 1001, 'Present', '2025-07-10'),
(355, 10, 1, 1001, 'Present', '2025-08-19'),
(371, 10, 1, 1001, 'Present', '2025-08-20'),
(280, 10, 1, 1001, 'Absent', '2025-07-02'),
(304, 10, 1, 1001, 'Absent', '2025-07-06'),
(281, 10, 1, 1002, 'Present', '2025-07-02'),
(287, 10, 1, 1002, 'Present', '2025-07-03'),
(293, 10, 1, 1002, 'Present', '2025-07-04'),
(299, 10, 1, 1002, 'Present', '2025-07-05'),
(305, 10, 1, 1002, 'Present', '2025-07-06'),
(311, 10, 1, 1002, 'Present', '2025-07-07'),
(323, 10, 1, 1002, 'Present', '2025-07-09'),
(329, 10, 1, 1002, 'Present', '2025-07-10'),
(275, 10, 1, 1002, 'Absent', '2025-07-01'),
(317, 10, 1, 1002, 'Absent', '2025-07-08'),
(354, 10, 1, 1002, 'Absent', '2025-08-19'),
(372, 10, 1, 1002, 'Absent', '2025-08-20'),
(276, 10, 1, 1003, 'Present', '2025-07-01'),
(282, 10, 1, 1003, 'Present', '2025-07-02'),
(288, 10, 1, 1003, 'Present', '2025-07-03'),
(294, 10, 1, 1003, 'Present', '2025-07-04'),
(306, 10, 1, 1003, 'Present', '2025-07-06'),
(312, 10, 1, 1003, 'Present', '2025-07-07'),
(318, 10, 1, 1003, 'Present', '2025-07-08'),
(324, 10, 1, 1003, 'Present', '2025-07-09'),
(341, 10, 1, 1003, 'Present', '2025-08-18'),
(369, 10, 1, 1003, 'Present', '2025-08-20'),
(300, 10, 1, 1003, 'Absent', '2025-07-05'),
(330, 10, 1, 1003, 'Absent', '2025-07-10'),
(350, 10, 1, 1003, 'Absent', '2025-08-19'),
(277, 10, 1, 1004, 'Present', '2025-07-01'),
(283, 10, 1, 1004, 'Present', '2025-07-02'),
(295, 10, 1, 1004, 'Present', '2025-07-04'),
(301, 10, 1, 1004, 'Present', '2025-07-05'),
(307, 10, 1, 1004, 'Present', '2025-07-06'),
(313, 10, 1, 1004, 'Present', '2025-07-07'),
(319, 10, 1, 1004, 'Present', '2025-07-08'),
(325, 10, 1, 1004, 'Present', '2025-07-09'),
(331, 10, 1, 1004, 'Present', '2025-07-10'),
(352, 10, 1, 1004, 'Present', '2025-08-19'),
(368, 10, 1, 1004, 'Present', '2025-08-20'),
(289, 10, 1, 1004, 'Absent', '2025-07-03'),
(278, 10, 1, 1005, 'Present', '2025-07-01'),
(284, 10, 1, 1005, 'Present', '2025-07-02'),
(290, 10, 1, 1005, 'Present', '2025-07-03'),
(302, 10, 1, 1005, 'Present', '2025-07-05'),
(308, 10, 1, 1005, 'Present', '2025-07-06'),
(314, 10, 1, 1005, 'Present', '2025-07-07'),
(320, 10, 1, 1005, 'Present', '2025-07-08'),
(326, 10, 1, 1005, 'Present', '2025-07-09'),
(332, 10, 1, 1005, 'Present', '2025-07-10'),
(370, 10, 1, 1005, 'Present', '2025-08-20'),
(296, 10, 1, 1005, 'Absent', '2025-07-04'),
(351, 10, 1, 1005, 'Absent', '2025-08-19'),
(279, 10, 1, 1006, 'Present', '2025-07-01'),
(291, 10, 1, 1006, 'Present', '2025-07-03'),
(297, 10, 1, 1006, 'Present', '2025-07-04'),
(303, 10, 1, 1006, 'Present', '2025-07-05'),
(315, 10, 1, 1006, 'Present', '2025-07-07'),
(321, 10, 1, 1006, 'Present', '2025-07-08'),
(327, 10, 1, 1006, 'Present', '2025-07-09'),
(333, 10, 1, 1006, 'Present', '2025-07-10'),
(285, 10, 1, 1006, 'Absent', '2025-07-02'),
(309, 10, 1, 1006, 'Absent', '2025-07-06'),
(353, 10, 1, 1018, 'Present', '2025-08-19'),
(373, 10, 1, 1018, 'Present', '2025-08-20'),
(342, 10, 1, 1018, 'Absent', '2025-08-18');

-- --------------------------------------------------------

--
-- Table structure for table `classes`
--

CREATE TABLE `classes` (
  `id` int NOT NULL,
  `class_name` varchar(200) NOT NULL
) ENGINE=InnoDB DEFAULT CHARSET=utf8mb4 COLLATE=utf8mb4_0900_ai_ci;

--
-- Dumping data for table `classes`
--

INSERT INTO `classes` (`id`, `class_name`) VALUES
(5, '10'),
(1, '6'),
(2, '7'),
(3, '8'),
(4, '9');

-- --------------------------------------------------------

--
-- Table structure for table `subjects`
--

CREATE TABLE `subjects` (
  `id` int NOT NULL,
  `subject_name` varchar(200) DEFAULT NULL
) ENGINE=InnoDB DEFAULT CHARSET=utf8mb4 COLLATE=utf8mb4_0900_ai_ci;

--
-- Dumping data for table `subjects`
--

INSERT INTO `subjects` (`id`, `subject_name`) VALUES
(7, 'Computer Science'),
(1, 'English'),
(2, 'II Language'),
(3, 'Maths'),
(6, 'PET'),
(4, 'Science'),
(5, 'Social');

-- --------------------------------------------------------

--
-- Table structure for table `timetable`
--

CREATE TABLE `timetable` (
  `id` bigint NOT NULL,
  `period` int DEFAULT NULL,
  `class_id` varchar(100) DEFAULT NULL,
  `subject_id` varchar(100) DEFAULT NULL,
  `teacher_id` varchar(100) DEFAULT NULL,
  `day` enum('Monday','Tuesday','Wednesday','Thursday','Friday') DEFAULT NULL,
  `start_time` time NOT NULL,
  `end_time` time NOT NULL
) ;

--
-- Dumping data for table `timetable`
--

INSERT INTO `timetable` (`id`, `period`, `class_id`, `subject_id`, `teacher_id`, `day`, `start_time`, `end_time`) VALUES
(41, 1, '1', '1', '2', 'Tuesday', '09:00:00', '10:00:00'),
(121, 1, '1', '3', '5', 'Thursday', '09:00:00', '10:00:00'),
(81, 1, '1', '5', '20', 'Wednesday', '09:00:00', '10:00:00'),
(161, 1, '1', '6', '21', 'Friday', '09:00:00', '10:00:00'),
(1, 1, '1', '7', '22', 'Monday', '09:00:00', '10:00:00'),
(162, 1, '2', '1', '2', 'Friday', '09:00:00', '10:00:00'),
(82, 1, '2', '2', '4', 'Wednesday', '09:00:00', '10:00:00'),
(42, 1, '2', '4', '18', 'Tuesday', '09:00:00', '10:00:00'),
(122, 1, '2', '5', '20', 'Thursday', '09:00:00', '10:00:00'),
(2, 1, '2', '6', '21', 'Monday', '09:00:00', '10:00:00'),
(3, 1, '3', '1', '2', 'Monday', '09:00:00', '10:00:00'),
(123, 1, '3', '2', '4', 'Thursday', '09:00:00', '10:00:00'),
(163, 1, '3', '5', '20', 'Friday', '09:00:00', '10:00:00'),
(43, 1, '3', '6', '21', 'Tuesday', '09:00:00', '10:00:00'),
(83, 1, '3', '7', '22', 'Wednesday', '09:00:00', '10:00:00'),
(164, 1, '4', '2', '4', 'Friday', '09:00:00', '10:00:00'),
(44, 1, '4', '3', '5', 'Tuesday', '09:00:00', '10:00:00'),
(4, 1, '4', '5', '20', 'Monday', '09:00:00', '10:00:00'),
(84, 1, '4', '6', '21', 'Wednesday', '09:00:00', '10:00:00'),
(124, 1, '4', '7', '22', 'Thursday', '09:00:00', '10:00:00'),
(85, 1, '5', '1', '2', 'Wednesday', '09:00:00', '10:00:00'),
(5, 1, '5', '2', '4', 'Monday', '09:00:00', '10:00:00'),
(165, 1, '5', '3', '5', 'Friday', '09:00:00', '10:00:00'),
(125, 1, '5', '6', '21', 'Thursday', '09:00:00', '10:00:00'),
(45, 1, '5', '7', '22', 'Tuesday', '09:00:00', '10:00:00'),
(166, 2, '1', '1', '2', 'Friday', '10:00:00', '11:00:00'),
(86, 2, '1', '2', '4', 'Wednesday', '10:00:00', '11:00:00'),
(46, 2, '1', '4', '18', 'Tuesday', '10:00:00', '11:00:00'),
(126, 2, '1', '5', '20', 'Thursday', '10:00:00', '11:00:00'),
(6, 2, '1', '6', '21', 'Monday', '10:00:00', '11:00:00'),
(7, 2, '2', '1', '2', 'Monday', '10:00:00', '11:00:00'),
(127, 2, '2', '2', '4', 'Thursday', '10:00:00', '11:00:00'),
(167, 2, '2', '5', '20', 'Friday', '10:00:00', '11:00:00'),
(47, 2, '2', '6', '21', 'Tuesday', '10:00:00', '11:00:00'),
(87, 2, '2', '7', '22', 'Wednesday', '10:00:00', '11:00:00'),
(168, 2, '3', '2', '4', 'Friday', '10:00:00', '11:00:00'),
(48, 2, '3', '3', '5', 'Tuesday', '10:00:00', '11:00:00'),
(8, 2, '3', '5', '20', 'Monday', '10:00:00', '11:00:00'),
(88, 2, '3', '6', '21', 'Wednesday', '10:00:00', '11:00:00'),
(128, 2, '3', '7', '22', 'Thursday', '10:00:00', '11:00:00'),
(89, 2, '4', '1', '2', 'Wednesday', '10:00:00', '11:00:00'),
(9, 2, '4', '2', '4', 'Monday', '10:00:00', '11:00:00'),
(169, 2, '4', '3', '5', 'Friday', '10:00:00', '11:00:00'),
(129, 2, '4', '6', '21', 'Thursday', '10:00:00', '11:00:00'),
(49, 2, '4', '7', '22', 'Tuesday', '10:00:00', '11:00:00'),
(130, 2, '5', '1', '2', 'Thursday', '10:00:00', '11:00:00'),
(10, 2, '5', '3', '5', 'Monday', '10:00:00', '11:00:00'),
(90, 2, '5', '4', '18', 'Wednesday', '10:00:00', '11:00:00'),
(170, 2, '5', '4', '18', 'Friday', '10:00:00', '11:00:00'),
(50, 2, '5', '5', '20', 'Tuesday', '10:00:00', '11:00:00'),
(11, 3, '1', NULL, NULL, 'Monday', '11:00:00', '11:15:00'),
(51, 3, '1', NULL, NULL, 'Tuesday', '11:00:00', '11:15:00'),
(91, 3, '1', NULL, NULL, 'Wednesday', '11:00:00', '11:15:00'),
(131, 3, '1', NULL, NULL, 'Thursday', '11:00:00', '11:15:00'),
(171, 3, '1', NULL, NULL, 'Friday', '11:00:00', '11:15:00'),
(12, 3, '2', NULL, NULL, 'Monday', '11:00:00', '11:15:00'),
(52, 3, '2', NULL, NULL, 'Tuesday', '11:00:00', '11:15:00'),
(92, 3, '2', NULL, NULL, 'Wednesday', '11:00:00', '11:15:00'),
(132, 3, '2', NULL, NULL, 'Thursday', '11:00:00', '11:15:00'),
(172, 3, '2', NULL, NULL, 'Friday', '11:00:00', '11:15:00'),
(13, 3, '3', NULL, NULL, 'Monday', '11:00:00', '11:15:00'),
(53, 3, '3', NULL, NULL, 'Tuesday', '11:00:00', '11:15:00'),
(93, 3, '3', NULL, NULL, 'Wednesday', '11:00:00', '11:15:00'),
(133, 3, '3', NULL, NULL, 'Thursday', '11:00:00', '11:15:00'),
(173, 3, '3', NULL, NULL, 'Friday', '11:00:00', '11:15:00'),
(14, 3, '4', NULL, NULL, 'Monday', '11:00:00', '11:15:00'),
(54, 3, '4', NULL, NULL, 'Tuesday', '11:00:00', '11:15:00'),
(94, 3, '4', NULL, NULL, 'Wednesday', '11:00:00', '11:15:00'),
(134, 3, '4', NULL, NULL, 'Thursday', '11:00:00', '11:15:00'),
(174, 3, '4', NULL, NULL, 'Friday', '11:00:00', '11:15:00'),
(15, 3, '5', NULL, NULL, 'Monday', '11:00:00', '11:15:00'),
(55, 3, '5', NULL, NULL, 'Tuesday', '11:00:00', '11:15:00'),
(95, 3, '5', NULL, NULL, 'Wednesday', '11:00:00', '11:15:00'),
(135, 3, '5', NULL, NULL, 'Thursday', '11:00:00', '11:15:00'),
(175, 3, '5', NULL, NULL, 'Friday', '11:00:00', '11:15:00'),
(176, 4, '1', '1', '2', 'Friday', '11:15:00', '12:15:00'),
(96, 4, '1', '2', '4', 'Wednesday', '11:15:00', '12:15:00'),
(56, 4, '1', '4', '18', 'Tuesday', '11:15:00', '12:15:00'),
(136, 4, '1', '5', '20', 'Thursday', '11:15:00', '12:15:00'),
(16, 4, '1', '6', '21', 'Monday', '11:15:00', '12:15:00'),
(17, 4, '2', '1', '2', 'Monday', '11:15:00', '12:15:00'),
(137, 4, '2', '2', '4', 'Thursday', '11:15:00', '12:15:00'),
(177, 4, '2', '5', '20', 'Friday', '11:15:00', '12:15:00'),
(57, 4, '2', '6', '21', 'Tuesday', '11:15:00', '12:15:00'),
(97, 4, '2', '7', '22', 'Wednesday', '11:15:00', '12:15:00'),
(178, 4, '3', '2', '4', 'Friday', '11:15:00', '12:15:00'),
(58, 4, '3', '3', '5', 'Tuesday', '11:15:00', '12:15:00'),
(18, 4, '3', '5', '20', 'Monday', '11:15:00', '12:15:00'),
(98, 4, '3', '6', '21', 'Wednesday', '11:15:00', '12:15:00'),
(138, 4, '3', '7', '22', 'Thursday', '11:15:00', '12:15:00'),
(99, 4, '4', '1', '2', 'Wednesday', '11:15:00', '12:15:00'),
(19, 4, '4', '2', '4', 'Monday', '11:15:00', '12:15:00'),
(179, 4, '4', '3', '5', 'Friday', '11:15:00', '12:15:00'),
(139, 4, '4', '6', '21', 'Thursday', '11:15:00', '12:15:00'),
(59, 4, '4', '7', '22', 'Tuesday', '11:15:00', '12:15:00'),
(140, 4, '5', '1', '2', 'Thursday', '11:15:00', '12:15:00'),
(20, 4, '5', '3', '5', 'Monday', '11:15:00', '12:15:00'),
(100, 4, '5', '4', '18', 'Wednesday', '11:15:00', '12:15:00'),
(180, 4, '5', '4', '18', 'Friday', '11:15:00', '12:15:00'),
(60, 4, '5', '5', '20', 'Tuesday', '11:15:00', '12:15:00'),
(21, 5, '1', NULL, NULL, 'Monday', '12:15:00', '13:15:00'),
(61, 5, '1', NULL, NULL, 'Tuesday', '12:15:00', '13:15:00'),
(101, 5, '1', NULL, NULL, 'Wednesday', '12:15:00', '13:15:00'),
(141, 5, '1', NULL, NULL, 'Thursday', '12:15:00', '13:15:00'),
(181, 5, '1', NULL, NULL, 'Friday', '12:15:00', '13:15:00'),
(22, 5, '2', NULL, NULL, 'Monday', '12:15:00', '13:15:00'),
(62, 5, '2', NULL, NULL, 'Tuesday', '12:15:00', '13:15:00'),
(102, 5, '2', NULL, NULL, 'Wednesday', '12:15:00', '13:15:00'),
(142, 5, '2', NULL, NULL, 'Thursday', '12:15:00', '13:15:00'),
(182, 5, '2', NULL, NULL, 'Friday', '12:15:00', '13:15:00'),
(23, 5, '3', NULL, NULL, 'Monday', '12:15:00', '13:15:00'),
(63, 5, '3', NULL, NULL, 'Tuesday', '12:15:00', '13:15:00'),
(103, 5, '3', NULL, NULL, 'Wednesday', '12:15:00', '13:15:00'),
(143, 5, '3', NULL, NULL, 'Thursday', '12:15:00', '13:15:00'),
(183, 5, '3', NULL, NULL, 'Friday', '12:15:00', '13:15:00'),
(24, 5, '4', NULL, NULL, 'Monday', '12:15:00', '13:15:00'),
(64, 5, '4', NULL, NULL, 'Tuesday', '12:15:00', '13:15:00'),
(104, 5, '4', NULL, NULL, 'Wednesday', '12:15:00', '13:15:00'),
(144, 5, '4', NULL, NULL, 'Thursday', '12:15:00', '13:15:00'),
(184, 5, '4', NULL, NULL, 'Friday', '12:15:00', '13:15:00'),
(25, 5, '5', NULL, NULL, 'Monday', '12:15:00', '13:15:00'),
(65, 5, '5', NULL, NULL, 'Tuesday', '12:15:00', '13:15:00'),
(105, 5, '5', NULL, NULL, 'Wednesday', '12:15:00', '13:15:00'),
(145, 5, '5', NULL, NULL, 'Thursday', '12:15:00', '13:15:00'),
(185, 5, '5', NULL, NULL, 'Friday', '12:15:00', '13:15:00'),
(186, 6, '1', '1', '2', 'Friday', '13:15:00', '14:15:00'),
(106, 6, '1', '2', '4', 'Wednesday', '13:15:00', '14:15:00'),
(66, 6, '1', '4', '18', 'Tuesday', '13:15:00', '14:15:00'),
(146, 6, '1', '5', '20', 'Thursday', '13:15:00', '14:15:00'),
(26, 6, '1', '6', '21', 'Monday', '13:15:00', '14:15:00'),
(27, 6, '2', '1', '2', 'Monday', '13:15:00', '14:15:00'),
(147, 6, '2', '2', '4', 'Thursday', '13:15:00', '14:15:00'),
(187, 6, '2', '5', '20', 'Friday', '13:15:00', '14:15:00'),
(67, 6, '2', '6', '21', 'Tuesday', '13:15:00', '14:15:00'),
(107, 6, '2', '7', '22', 'Wednesday', '13:15:00', '14:15:00'),
(188, 6, '3', '2', '4', 'Friday', '13:15:00', '14:15:00'),
(68, 6, '3', '3', '5', 'Tuesday', '13:15:00', '14:15:00'),
(28, 6, '3', '5', '20', 'Monday', '13:15:00', '14:15:00'),
(108, 6, '3', '6', '21', 'Wednesday', '13:15:00', '14:15:00'),
(148, 6, '3', '7', '22', 'Thursday', '13:15:00', '14:15:00'),
(109, 6, '4', '1', '2', 'Wednesday', '13:15:00', '14:15:00'),
(29, 6, '4', '2', '4', 'Monday', '13:15:00', '14:15:00'),
(189, 6, '4', '3', '5', 'Friday', '13:15:00', '14:15:00'),
(149, 6, '4', '6', '21', 'Thursday', '13:15:00', '14:15:00'),
(69, 6, '4', '7', '22', 'Tuesday', '13:15:00', '14:15:00'),
(150, 6, '5', '1', '2', 'Thursday', '13:15:00', '14:15:00'),
(30, 6, '5', '3', '5', 'Monday', '13:15:00', '14:15:00'),
(110, 6, '5', '4', '18', 'Wednesday', '13:15:00', '14:15:00'),
(190, 6, '5', '4', '18', 'Friday', '13:15:00', '14:15:00'),
(70, 6, '5', '5', '20', 'Tuesday', '13:15:00', '14:15:00'),
(31, 7, '1', NULL, NULL, 'Monday', '15:00:00', '15:15:00'),
(71, 7, '1', NULL, NULL, 'Tuesday', '15:00:00', '15:15:00'),
(111, 7, '1', NULL, NULL, 'Wednesday', '15:00:00', '15:15:00'),
(151, 7, '1', NULL, NULL, 'Thursday', '15:00:00', '15:15:00'),
(191, 7, '1', NULL, NULL, 'Friday', '15:00:00', '15:15:00'),
(32, 7, '2', NULL, NULL, 'Monday', '15:00:00', '15:15:00'),
(72, 7, '2', NULL, NULL, 'Tuesday', '15:00:00', '15:15:00'),
(112, 7, '2', NULL, NULL, 'Wednesday', '15:00:00', '15:15:00'),
(152, 7, '2', NULL, NULL, 'Thursday', '15:00:00', '15:15:00'),
(192, 7, '2', NULL, NULL, 'Friday', '15:00:00', '15:15:00'),
(33, 7, '3', NULL, NULL, 'Monday', '15:00:00', '15:15:00'),
(73, 7, '3', NULL, NULL, 'Tuesday', '15:00:00', '15:15:00'),
(113, 7, '3', NULL, NULL, 'Wednesday', '15:00:00', '15:15:00'),
(153, 7, '3', NULL, NULL, 'Thursday', '15:00:00', '15:15:00'),
(193, 7, '3', NULL, NULL, 'Friday', '15:00:00', '15:15:00'),
(34, 7, '4', NULL, NULL, 'Monday', '15:00:00', '15:15:00'),
(74, 7, '4', NULL, NULL, 'Tuesday', '15:00:00', '15:15:00'),
(114, 7, '4', NULL, NULL, 'Wednesday', '15:00:00', '15:15:00'),
(154, 7, '4', NULL, NULL, 'Thursday', '15:00:00', '15:15:00'),
(194, 7, '4', NULL, NULL, 'Friday', '15:00:00', '15:15:00'),
(35, 7, '5', NULL, NULL, 'Monday', '15:00:00', '15:15:00'),
(75, 7, '5', NULL, NULL, 'Tuesday', '15:00:00', '15:15:00'),
(115, 7, '5', NULL, NULL, 'Wednesday', '15:00:00', '15:15:00'),
(155, 7, '5', NULL, NULL, 'Thursday', '15:00:00', '15:15:00'),
(195, 7, '5', NULL, NULL, 'Friday', '15:00:00', '15:15:00'),
(196, 8, '1', '1', '2', 'Friday', '15:15:00', '16:00:00'),
(116, 8, '1', '2', '4', 'Wednesday', '15:15:00', '16:00:00'),
(76, 8, '1', '4', '18', 'Tuesday', '15:15:00', '16:00:00'),
(156, 8, '1', '5', '20', 'Thursday', '15:15:00', '16:00:00'),
(36, 8, '1', '6', '21', 'Monday', '15:15:00', '16:00:00'),
(37, 8, '2', '1', '2', 'Monday', '15:15:00', '16:00:00'),
(157, 8, '2', '2', '4', 'Thursday', '15:15:00', '16:00:00'),
(197, 8, '2', '5', '20', 'Friday', '15:15:00', '16:00:00'),
(77, 8, '2', '6', '21', 'Tuesday', '15:15:00', '16:00:00'),
(117, 8, '2', '7', '22', 'Wednesday', '15:15:00', '16:00:00'),
(198, 8, '3', '2', '4', 'Friday', '15:15:00', '16:00:00'),
(78, 8, '3', '3', '5', 'Tuesday', '15:15:00', '16:00:00'),
(38, 8, '3', '5', '20', 'Monday', '15:15:00', '16:00:00'),
(118, 8, '3', '6', '21', 'Wednesday', '15:15:00', '16:00:00'),
(158, 8, '3', '7', '22', 'Thursday', '15:15:00', '16:00:00'),
(119, 8, '4', '1', '2', 'Wednesday', '15:15:00', '16:00:00'),
(39, 8, '4', '2', '4', 'Monday', '15:15:00', '16:00:00'),
(199, 8, '4', '3', '5', 'Friday', '15:15:00', '16:00:00'),
(159, 8, '4', '6', '21', 'Thursday', '15:15:00', '16:00:00'),
(79, 8, '4', '7', '22', 'Tuesday', '15:15:00', '16:00:00'),
(160, 8, '5', '1', '2', 'Thursday', '15:15:00', '16:00:00'),
(40, 8, '5', '3', '5', 'Monday', '15:15:00', '16:00:00'),
(120, 8, '5', '4', '18', 'Wednesday', '15:15:00', '16:00:00'),
(200, 8, '5', '4', '18', 'Friday', '15:15:00', '16:00:00'),
(80, 8, '5', '5', '20', 'Tuesday', '15:15:00', '16:00:00');

-- --------------------------------------------------------

--
-- Table structure for table `user`
--

CREATE TABLE `user` (
  `Full_Name` varchar(20) CHARACTER SET utf8mb4 COLLATE utf8mb4_0900_ai_ci DEFAULT NULL,
  `Id` int NOT NULL,
  `Class` varchar(10) CHARACTER SET utf8mb4 COLLATE utf8mb4_0900_ai_ci DEFAULT NULL,
  `Phone_Number` double DEFAULT NULL,
  `email_address` varchar(50) DEFAULT NULL,
  `Parents_name` varchar(20) CHARACTER SET utf8mb4 COLLATE utf8mb4_0900_ai_ci DEFAULT NULL,
  `Password` varchar(100) DEFAULT NULL,
  `Date_of_Birth` date DEFAULT NULL,
  `User_type` varchar(20) CHARACTER SET utf8mb4 COLLATE utf8mb4_0900_ai_ci DEFAULT NULL
) ENGINE=InnoDB DEFAULT CHARSET=utf8mb4 COLLATE=utf8mb4_0900_ai_ci;

--
-- Dumping data for table `user`
--

INSERT INTO `user` (`Full_Name`, `Id`, `Class`, `Phone_Number`, `email_address`, `Parents_name`, `Password`, `Date_of_Birth`, `User_type`) VALUES
('Ram Kumar', 1, '10,8,9', 9876543210, 'ramk@example.com', '-', '1234', '1980-01-15', 'Teacher'),
('Sita Mehta', 2, '09', 9876543211, 'sita@example.com', '-', '4123', '1985-04-20', 'Teacher'),
('John Mathew', 5, '06', 9876543214, 'john@example.com', '-', '1234', '1979-12-05', 'Teacher'),
('Mrs.Anjali', 20, '7', 9876543213, 'anjali@example.com', '-', 'pass321', '1993-12-01', 'Teacher'),
('Mr.Venakt', 21, '9,8', 9876512210, 'venky@example.com', '-', 'pass123', '1990-03-15', 'Teacher'),
('Mr.Shasank', 22, '8,7', 9876233210, 'shasank@example.com', '-', 'pass123', '1987-05-11', 'Teacher'),
('Nithin', 601, '6', 9998887776, 'nk@example.com', 'Siva', '2468', '2008-05-12', 'Parent'),
('Ashwini Rao', 602, '6', 9876543211, 'ashwini6@example.com', 'Sita Rao', 'ashwini@123', '2013-08-12', 'Parent'),
('Ram Verma', 603, '6', 9876543212, 'ram6@example.com', 'Shyam Verma', 'ram@123', '2013-03-22', 'Parent'),
('Ravi Kumar', 604, '6', 9876543213, 'ravi6@example.com', 'Anita Kumar', 'ravi@123', '2013-07-17', 'Parent'),
('Vedish Sharma', 605, '6', 9876543214, 'vedish6@example.com', 'Rahul Sharma', 'vedish@123', '2013-01-05', 'Parent'),
('Sri Mehta', 606, '6', 9876543215, 'sri6@example.com', 'Meena Mehta', 'sri@123', '2013-11-29', 'Parent'),
('Abi', 701, '7', 9876543210, 'chatgpta@example.com', 'Parent A', 'passA123', '2012-01-01', 'Parent'),
('Bavesh', 702, '7', 9876543211, 'chatgptb@example.com', 'Parent B', 'passB123', '2012-02-02', 'Parent'),
('Candran', 703, '7', 9876543212, 'chatgptc@example.com', 'Parent C', 'passC123', '2012-03-03', 'Parent'),
('Divesh', 704, '7', 9876543213, 'chatgptd@example.com', 'Parent D', 'passD123', '2012-04-04', 'Parent'),
('Nikitha', 705, '7', 9876543214, 'chatgpte@example.com', 'Parent E', 'passE123', '2012-05-05', 'Parent'),
('Harini', 706, '7', 9876543215, 'chatgptf@example.com', 'Parent F', 'passF123', '2012-06-06', 'Parent'),
('Sanjei', 801, '8', 9876500001, 'sanjei8@example.com', 'Mr. Arjun', 'sanjei123', '2011-01-15', 'Parent'),
('Dinesh', 802, '8', 9876500002, 'dinesh8@example.com', 'Mrs. Kavitha', 'dinesh123', '2011-02-20', 'Parent'),
('Krithik', 803, '8', 9876500003, 'krithik8@example.com', 'Mr. Mani', 'krithik123', '2011-03-25', 'Parent'),
('Jay', 804, '8', 9876500004, 'jay8@example.com', 'Mrs. Radha', 'jay123', '2011-04-10', 'Parent'),
('Neha', 805, '8', 9876500005, 'neha8@example.com', 'Mr. Karthik', 'neha123', '2011-05-18', 'Parent'),
('Rakshitha', 806, '8', 9876500006, 'rakshitha8@example.com', 'Mrs. Sneha', 'rakshitha123', '2011-06-30', 'Parent'),
('Naresh', 901, '9', 9876510001, 'naresh@ex.com', 'Mr. Vijay', 'naresh123', '2010-01-10', 'Parent'),
('Manoj', 902, '9', 9876510002, 'manoj@ex.com', 'Mrs. Meena', '', '2010-02-14', 'Parent'),
('Navitha', 903, '9', 9876510003, 'navi@ex.com', 'Mr. Ramesh', 'navitha123', '2010-03-18', 'Parent'),
('Manish', 904, '9', 9876510004, 'manish@ex.com', 'Mrs. Shanti', 'manish123', '2010-04-22', 'Parent'),
('Rishika', 905, '9', 9876510005, 'rishi@ex.com', 'Mr. Gopal', 'rishika123', '2010-05-26', 'Parent'),
('Ahem', 906, '9', 9876510006, 'ahem@ex.com', 'Mrs. Rekha', 'ahem123', '2010-06-30', 'Parent'),
('Arjun Das.R', 1001, '10', 9876543210, 'arjun@example.com', 'Ravi Das', '1111', '2008-08-10', 'Parent'),
('Ajay K', 1002, '10', 9876563210, 'ajay@example.com', 'A.Kavin', '4444', '2009-09-19', 'Parent'),
('Ravi A', 1003, '10', 9812563420, 'ravi@example.com', 'K.Ashok', '6666', '2009-10-01', 'Parent'),
('srivarshan s', 1004, '10', 9812563420, 'sri@example.com', 'Satwik', '7777', '2009-01-30', 'Parent'),
('vedish', 1005, '10', 9812563420, 'vedi@example.com', 'K.Mohan', '8888', '2008-04-13', 'Parent'),
('siva Kumar V', 1007, 'NA', 9878234980, 'admin@school.com', 'NA', 'admin123', '1973-01-04', 'admin'),
('santu', 1018, '10', 1234567890, 'subh@gmail.com', 'subha', 'abcd', '2025-08-06', 'Parent'),
('Murali', 1019, '7', 123567890, 'murali@gmail.com', NULL, 'abcd', '1985-09-23', 'Teacher');

--
-- Indexes for dumped tables
--

--
-- Indexes for table `attendance`
--
ALTER TABLE `attendance`
  ADD PRIMARY KEY (`id`),
  ADD UNIQUE KEY `class_id` (`class_id`,`teacher_id`,`student_id`,`status`,`date`),
  ADD UNIQUE KEY `unique_attendance` (`student_id`,`class_id`,`teacher_id`,`date`),
  ADD UNIQUE KEY `unique_student_class_date` (`student_id`,`class_id`,`date`);

--
-- Indexes for table `classes`
--
ALTER TABLE `classes`
  ADD PRIMARY KEY (`id`),
  ADD UNIQUE KEY `class_name` (`class_name`);

--
-- Indexes for table `subjects`
--
ALTER TABLE `subjects`
  ADD PRIMARY KEY (`id`),
  ADD UNIQUE KEY `subject_name` (`subject_name`);

--
-- Indexes for table `timetable`
--
ALTER TABLE `timetable`
  ADD PRIMARY KEY (`id`),
  ADD UNIQUE KEY `period` (`period`,`class_id`,`subject_id`,`teacher_id`,`day`,`start_time`,`end_time`);

--
-- Indexes for table `user`
--
ALTER TABLE `user`
  ADD PRIMARY KEY (`Id`);

--
-- AUTO_INCREMENT for dumped tables
--

--
-- AUTO_INCREMENT for table `attendance`
--
ALTER TABLE `attendance`
  MODIFY `id` int NOT NULL AUTO_INCREMENT, AUTO_INCREMENT=374;

--
-- AUTO_INCREMENT for table `classes`
--
ALTER TABLE `classes`
  MODIFY `id` int NOT NULL AUTO_INCREMENT, AUTO_INCREMENT=6;

--
-- AUTO_INCREMENT for table `subjects`
--
ALTER TABLE `subjects`
  MODIFY `id` int NOT NULL AUTO_INCREMENT, AUTO_INCREMENT=8;

--
-- AUTO_INCREMENT for table `timetable`
--
ALTER TABLE `timetable`
  MODIFY `id` bigint NOT NULL AUTO_INCREMENT;

--
-- AUTO_INCREMENT for table `user`
--
ALTER TABLE `user`
  MODIFY `Id` int NOT NULL AUTO_INCREMENT, AUTO_INCREMENT=1023;
COMMIT;

/*!40101 SET CHARACTER_SET_CLIENT=@OLD_CHARACTER_SET_CLIENT */;
/*!40101 SET CHARACTER_SET_RESULTS=@OLD_CHARACTER_SET_RESULTS */;
/*!40101 SET COLLATION_CONNECTION=@OLD_COLLATION_CONNECTION */;
